Model,Accuracy mean,Accuracy std,Accuracy Std mean,Accuracy Std std,Precision mean,Precision std,Precision Std mean,Precision Std std,Recall mean,Recall std,Recall Std mean,Recall Std std,F1 mean,F1 std,F1 Std mean,F1 Std std,AUC mean,AUC std,AUC Std mean,AUC Std std,Brier mean,Brier std,Brier Std mean,Brier Std std,AUC Train mean,AUC Train std,AUC Train Std mean,AUC Train Std std
Random Forest,0.5835470085470086,0.016766900623358266,0.05078447876054833,0.014017399107287323,0.622852621688406,0.011905557702695243,0.0763323258975522,0.012591937767211547,0.8206699346405228,0.05712755017592323,0.06030055732462726,0.021225037556634182,0.7018050176701485,0.021040733541551313,0.042295894539202815,0.013121586409349031,0.47122181703786775,0.012803749017166962,0.11558608382225327,0.019068040707545898,0.2826816441572603,0.02371020866387921,0.021396627968041242,0.002823977555881406,0.9077250552684405,0.017980834696177426,0.03888548391374838,0.004481496450277276
XGBoost,0.5659615384615385,0.030798133025495247,0.09232406653541321,0.024797289259507888,0.6241301582213605,0.028023926360404218,0.08112599098126916,0.018778498969292342,0.6802138323278029,0.04192387759664737,0.10612661614031471,0.054961032315911214,0.6488743717578148,0.0341043760972282,0.09237782060142524,0.033263120111748125,0.4529977308422821,0.017823946911391,0.1636648887812913,0.010605638041225395,0.3062870787725283,0.03074553649322524,0.04119448098164074,0.016882884340950782,0.913204343330273,0.014602815688729393,0.037760806016868924,0.00631395974345572
Logistic Regression,0.5596153846153846,0.03582830242869898,0.07599982993832226,0.008486378982002609,0.6014870148322834,0.007687366914209324,0.09081162718750423,0.0112513373693095,0.8340356334841628,0.12487163659919469,0.04614108030960688,0.043387968170643776,0.6901630608378787,0.0478182328298106,0.06299566178314299,0.010776610331137169,0.45099058443232654,0.0353417256644679,0.09803974239950655,0.05413735455127231,0.2977104481013602,0.0446594453616197,0.033883423812747546,0.019331488469797674,0.818741932509681,0.16428607581560445,0.029205570606477344,0.015344610117914204
